{"cameraMode":{"drawMode":0,"name":"Shaded","section":"Shading Mode"},"sceneLighting":false,"audioPlay":false,"sceneViewState":{"m_AlwaysRefresh":false,"showFog":false,"showSkybox":false,"showFlares":false,"showImageEffects":false,"showParticleSystems":false,"showVisualEffectGraphs":true,"m_FxEnabled":true},"in2DMode":false,"pivot":{"x":311.120361328125,"y":39.422027587890628,"z":248.82876586914063},"rotation":{"x":-0.04349218308925629,"y":-0.0016087692929431797,"z":0.00011577375698834658,"w":-0.9992850422859192},"size":19.43541717529297,"orthographic":false}