{"cameraMode":{"drawMode":0,"name":"Shaded","section":"Shading Mode"},"sceneLighting":false,"audioPlay":false,"sceneViewState":{"m_AlwaysRefresh":false,"showFog":false,"showSkybox":false,"showFlares":false,"showImageEffects":false,"showParticleSystems":false,"showVisualEffectGraphs":true,"m_FxEnabled":true},"in2DMode":false,"pivot":{"x":4.607410430908203,"y":0.9934884905815125,"z":-10.258149147033692},"rotation":{"x":-0.10933085530996323,"y":0.22599053382873536,"z":-0.025591829791665078,"w":-0.9678876399993897},"size":2.2093658447265627,"orthographic":false}