{"cameraMode":{"drawMode":0,"name":"Shaded","section":"Shading Mode"},"sceneLighting":false,"audioPlay":false,"sceneViewState":{"m_AlwaysRefresh":false,"showFog":false,"showSkybox":false,"showFlares":false,"showImageEffects":false,"showParticleSystems":false,"showVisualEffectGraphs":true,"m_FxEnabled":true},"in2DMode":false,"pivot":{"x":-0.09734402596950531,"y":6.15405797958374,"z":4.5734076499938969},"rotation":{"x":-0.0404922291636467,"y":-0.012109807692468167,"z":0.0004172390035819262,"w":-0.9993447661399841},"size":11.556188583374024,"orthographic":false}