{"cameraMode":{"drawMode":0,"name":"Shaded","section":"Shading Mode"},"sceneLighting":false,"audioPlay":false,"sceneViewState":{"m_AlwaysRefresh":false,"showFog":false,"showSkybox":false,"showFlares":false,"showImageEffects":false,"showParticleSystems":false,"showVisualEffectGraphs":true,"m_FxEnabled":true},"in2DMode":false,"pivot":{"x":143.8058624267578,"y":39.751914978027347,"z":353.90032958984377},"rotation":{"x":0.036004554480314258,"y":0.0013855114812031389,"z":0.00010723296145442873,"w":-0.9995875954627991},"size":18.41720199584961,"orthographic":false}