{"cameraMode":{"drawMode":0,"name":"Shaded","section":"Shading Mode"},"sceneLighting":false,"audioPlay":false,"sceneViewState":{"showFog":false,"showMaterialUpdate":false,"showSkybox":false,"showFlares":false,"showImageEffects":false,"showParticleSystems":false},"in2DMode":false,"pivot":{"x":181.01373291015626,"y":97.67689514160156,"z":355.2456359863281},"rotation":{"x":0.11104635894298554,"y":0.6626468896865845,"z":-0.10005217045545578,"w":0.7342022061347961},"size":132.98719787597657,"orthographic":false}