{"cameraMode":{"drawMode":0,"name":"Shaded","section":"Shading Mode"},"sceneLighting":false,"audioPlay":false,"sceneViewState":{"showFog":false,"showMaterialUpdate":false,"showSkybox":false,"showFlares":false,"showImageEffects":false,"showParticleSystems":false},"in2DMode":false,"pivot":{"x":150.3434295654297,"y":28.828065872192384,"z":352.25372314453127},"rotation":{"x":-0.017305653542280198,"y":-0.7631007432937622,"z":0.020724551752209665,"w":-0.6460867524147034},"size":21.10618019104004,"orthographic":false}