{"cameraMode":{"drawMode":0,"name":"Shaded","section":"Shading Mode"},"sceneLighting":false,"audioPlay":false,"sceneViewState":{"showFog":false,"showMaterialUpdate":false,"showSkybox":false,"showFlares":false,"showImageEffects":false,"showParticleSystems":false},"in2DMode":false,"pivot":{"x":142.73680114746095,"y":25.591270446777345,"z":356.4338073730469},"rotation":{"x":0.18836918473243714,"y":-0.10270141065120697,"z":0.019633306190371515,"w":0.976751446723938},"size":11.885504722595215,"orthographic":false}