{"cameraMode":{"drawMode":0,"name":"Shaded","section":"Shading Mode"},"sceneLighting":false,"audioPlay":false,"sceneViewState":{"showFog":false,"showMaterialUpdate":false,"showSkybox":false,"showFlares":false,"showImageEffects":false,"showParticleSystems":false},"in2DMode":false,"pivot":{"x":4.979999542236328,"y":1.7799997329711915,"z":-10.040000915527344},"rotation":{"x":-0.09877927601337433,"y":0.04060469567775726,"z":-0.0039627039805054668,"w":-0.9945138692855835},"size":63.56520462036133,"orthographic":false}