{"cameraMode":{"drawMode":0,"name":"Shaded","section":"Shading Mode"},"sceneLighting":false,"audioPlay":false,"sceneViewState":{"showFog":false,"showMaterialUpdate":false,"showSkybox":false,"showFlares":false,"showImageEffects":false,"showParticleSystems":false},"in2DMode":false,"pivot":{"x":1.0397698879241944,"y":0.3113486170768738,"z":-8.18490219116211},"rotation":{"x":-0.18171729147434236,"y":-0.0556182786822319,"z":0.01039218157529831,"w":-0.981935441493988},"size":2.821117401123047,"orthographic":false}