{"cameraMode":{"drawMode":0,"name":"Shaded","section":"Shading Mode"},"sceneLighting":false,"audioPlay":false,"sceneViewState":{"showFog":false,"showMaterialUpdate":false,"showSkybox":false,"showFlares":false,"showImageEffects":false,"showParticleSystems":false},"in2DMode":false,"pivot":{"x":-5.132928371429443,"y":0.3089154362678528,"z":-8.062774658203125},"rotation":{"x":-0.19945627450942994,"y":-0.04661376029253006,"z":0.0095968684181571,"w":-0.9789647459983826},"size":2.0517263412475588,"orthographic":false}