{"cameraMode":{"drawMode":0,"name":"Shaded","section":"Shading Mode"},"sceneLighting":false,"audioPlay":false,"sceneViewState":{"showFog":false,"showMaterialUpdate":false,"showSkybox":false,"showFlares":false,"showImageEffects":false,"showParticleSystems":false},"in2DMode":false,"pivot":{"x":7.058137893676758,"y":-5.293543815612793,"z":-0.6131004095077515},"rotation":{"x":-0.13370287418365479,"y":-0.7190670967102051,"z":0.14433471858501435,"w":-0.6668225526809692},"size":19.470354080200197,"orthographic":false}