{"cameraMode":{"drawMode":0,"name":"Shaded","section":"Shading Mode"},"sceneLighting":false,"audioPlay":false,"sceneViewState":{"showFog":false,"showMaterialUpdate":false,"showSkybox":false,"showFlares":false,"showImageEffects":false,"showParticleSystems":false},"in2DMode":false,"pivot":{"x":144.2247314453125,"y":28.669401168823243,"z":353.9442443847656},"rotation":{"x":-0.01608077809214592,"y":0.2322055697441101,"z":-0.003694018581882119,"w":-0.9727657437324524},"size":9.931572914123536,"orthographic":false}