{"cameraMode":{"drawMode":0,"name":"Shaded","section":"Shading Mode"},"sceneLighting":false,"audioPlay":false,"sceneViewState":{"showFog":false,"showMaterialUpdate":false,"showSkybox":false,"showFlares":false,"showImageEffects":false,"showParticleSystems":false},"in2DMode":false,"pivot":{"x":-0.010708585381507874,"y":0.1895568072795868,"z":-10.010708808898926},"rotation":{"x":0.1176358237862587,"y":0.6610821485519409,"z":-0.10600747913122177,"w":0.7336187362670898},"size":1.0050075054168702,"orthographic":false}