{"cameraMode":{"drawMode":0,"name":"Shaded","section":"Shading Mode"},"sceneLighting":false,"audioPlay":false,"sceneViewState":{"showFog":true,"showMaterialUpdate":true,"showSkybox":false,"showFlares":true,"showImageEffects":true,"showParticleSystems":true},"in2DMode":false,"pivot":{"x":25.132083892822267,"y":65.45935821533203,"z":20.794239044189454},"rotation":{"x":0.010844933800399304,"y":0.75860595703125,"z":-0.012437701225280762,"w":0.6514024138450623},"size":8.103164672851563,"orthographic":false}