{"cameraMode":{"drawMode":0,"name":"Shaded","section":"Shading Mode"},"sceneLighting":false,"audioPlay":false,"sceneViewState":{"showFog":false,"showMaterialUpdate":false,"showSkybox":false,"showFlares":false,"showImageEffects":false,"showParticleSystems":false},"in2DMode":false,"pivot":{"x":1.8224537372589112,"y":0.8040697574615479,"z":1.4932851791381837},"rotation":{"x":-0.14864090085029603,"y":-0.2188093662261963,"z":0.03380652144551277,"w":-0.9640356302261353},"size":9.856561660766602,"orthographic":false}