{"cameraMode":{"drawMode":0,"name":"Shaded","section":"Shading Mode"},"sceneLighting":false,"audioPlay":false,"sceneViewState":{"showFog":true,"showMaterialUpdate":true,"showSkybox":false,"showFlares":true,"showImageEffects":true,"showParticleSystems":true},"in2DMode":false,"pivot":{"x":-0.2537956237792969,"y":6.814080238342285,"z":-2.46645450592041},"rotation":{"x":-0.12524524331092835,"y":0.0805351585149765,"z":0.01033741980791092,"w":0.9888405799865723},"size":22.54186248779297,"orthographic":false}