{"cameraMode":{"drawMode":0,"name":"Shaded","section":"Shading Mode"},"sceneLighting":false,"audioPlay":false,"sceneViewState":{"showFog":false,"showMaterialUpdate":false,"showSkybox":false,"showFlares":false,"showImageEffects":false,"showParticleSystems":false},"in2DMode":false,"pivot":{"x":23.085525512695314,"y":64.8830337524414,"z":19.80626678466797},"rotation":{"x":-0.007300552446395159,"y":-0.9927427172660828,"z":-0.08960643410682678,"w":0.08267272263765335},"size":6.828123569488525,"orthographic":false}