{"cameraMode":{"drawMode":0,"name":"Shaded","section":"Shading Mode"},"sceneLighting":false,"audioPlay":false,"sceneViewState":{"showFog":true,"showMaterialUpdate":true,"showSkybox":false,"showFlares":true,"showImageEffects":true,"showParticleSystems":true},"in2DMode":false,"pivot":{"x":-17.205167770385743,"y":9.616792678833008,"z":52.14915466308594},"rotation":{"x":-0.1754067987203598,"y":-0.5760343670845032,"z":0.1281982809305191,"w":-0.7880622148513794},"size":27.64899253845215,"orthographic":false}