{"cameraMode":{"drawMode":0,"name":"Shaded","section":"Shading Mode"},"sceneLighting":false,"audioPlay":false,"sceneViewState":{"showFog":false,"showMaterialUpdate":false,"showSkybox":false,"showFlares":false,"showImageEffects":false,"showParticleSystems":false},"in2DMode":false,"pivot":{"x":-0.03331160545349121,"y":3.498917579650879,"z":1.0258054733276368},"rotation":{"x":-0.03133617341518402,"y":-0.09853563457727432,"z":-0.0032731867395341398,"w":0.9948652386665344},"size":11.895644187927246,"orthographic":false}