{"cameraMode":{"drawMode":0,"name":"Shaded","section":"Shading Mode"},"sceneLighting":false,"audioPlay":false,"sceneViewState":{"showFog":false,"showMaterialUpdate":false,"showSkybox":false,"showFlares":false,"showImageEffects":false,"showParticleSystems":false},"in2DMode":false,"pivot":{"x":309.7803039550781,"y":34.0821647644043,"z":251.19239807128907},"rotation":{"x":-0.002272352809086442,"y":-0.9930058717727661,"z":0.11822377145290375,"w":-0.020305192098021508},"size":47.89564514160156,"orthographic":false}