{"cameraMode":{"drawMode":0,"name":"Shaded","section":"Shading Mode"},"sceneLighting":false,"audioPlay":false,"sceneViewState":{"showFog":false,"showMaterialUpdate":false,"showSkybox":false,"showFlares":false,"showImageEffects":false,"showParticleSystems":false},"in2DMode":false,"pivot":{"x":151.9296875,"y":28.301342010498048,"z":366.54058837890627},"rotation":{"x":-0.06182946637272835,"y":-0.40305617451667788,"z":0.026978380978107454,"w":-0.9129043817520142},"size":27.381732940673829,"orthographic":false}