{"cameraMode":{"drawMode":0,"name":"Shaded","section":"Shading Mode"},"sceneLighting":false,"audioPlay":false,"sceneViewState":{"showFog":false,"showMaterialUpdate":false,"showSkybox":false,"showFlares":false,"showImageEffects":false,"showParticleSystems":false},"in2DMode":false,"pivot":{"x":6.357243537902832,"y":5.323832988739014,"z":1.5413780212402344},"rotation":{"x":-0.05697184056043625,"y":0.025743326172232629,"z":0.0012991941766813398,"w":0.9982728958129883},"size":40.010372161865237,"orthographic":false}