{"cameraMode":{"drawMode":0,"name":"Shaded","section":"Shading Mode"},"sceneLighting":false,"audioPlay":false,"sceneViewState":{"showFog":false,"showMaterialUpdate":false,"showSkybox":false,"showFlares":false,"showImageEffects":false,"showParticleSystems":false},"in2DMode":false,"pivot":{"x":4.988304615020752,"y":1.0058932304382325,"z":-10.01371955871582},"rotation":{"x":-0.24502365291118623,"y":-0.005405219737440348,"z":0.0014680668246001006,"w":-0.969717264175415},"size":7.290907382965088,"orthographic":false}