{"cameraMode":{"drawMode":0,"name":"Shaded","section":"Shading Mode"},"sceneLighting":false,"audioPlay":false,"sceneViewState":{"showFog":false,"showMaterialUpdate":false,"showSkybox":false,"showFlares":false,"showImageEffects":false,"showParticleSystems":false},"in2DMode":false,"pivot":{"x":22.89530372619629,"y":63.51852035522461,"z":26.78387451171875},"rotation":{"x":0.07942929118871689,"y":-0.004328606650233269,"z":0.00018827135500032455,"w":0.9970508813858032},"size":11.740959167480469,"orthographic":false}