{"cameraMode":{"drawMode":0,"name":"Shaded","section":"Shading Mode"},"sceneLighting":false,"audioPlay":false,"sceneViewState":{"showFog":true,"showMaterialUpdate":true,"showSkybox":false,"showFlares":true,"showImageEffects":true,"showParticleSystems":true},"in2DMode":false,"pivot":{"x":22.189010620117189,"y":62.30381774902344,"z":16.275299072265626},"rotation":{"x":-0.007889563217759133,"y":0.9828870296478272,"z":-0.1788644790649414,"w":-0.04427408054471016},"size":10.613106727600098,"orthographic":false}