{"cameraMode":{"drawMode":0,"name":"Shaded","section":"Shading Mode"},"sceneLighting":false,"audioPlay":false,"sceneViewState":{"showFog":true,"showMaterialUpdate":true,"showSkybox":false,"showFlares":true,"showImageEffects":true,"showParticleSystems":true},"in2DMode":false,"pivot":{"x":22.30255889892578,"y":66.5354995727539,"z":20.42766571044922},"rotation":{"x":0.005843242630362511,"y":0.6402251720428467,"z":-0.004706038627773523,"w":0.7682027816772461},"size":5.674843788146973,"orthographic":false}