{"cameraMode":{"drawMode":0,"name":"Shaded","section":"Shading Mode"},"sceneLighting":false,"audioPlay":false,"sceneViewState":{"showFog":false,"showMaterialUpdate":false,"showSkybox":false,"showFlares":false,"showImageEffects":false,"showParticleSystems":false},"in2DMode":false,"pivot":{"x":0.15637218952178956,"y":2.9933502674102785,"z":-0.050171852111816409},"rotation":{"x":-0.07775922864675522,"y":-0.06535926461219788,"z":0.0052007148042321209,"w":-0.9950248599052429},"size":12.463530540466309,"orthographic":false}