{"cameraMode":{"drawMode":0,"name":"Shaded","section":"Shading Mode"},"sceneLighting":false,"audioPlay":false,"sceneViewState":{"showFog":true,"showMaterialUpdate":true,"showSkybox":false,"showFlares":true,"showImageEffects":true,"showParticleSystems":true},"in2DMode":false,"pivot":{"x":458.23748779296877,"y":57.180320739746097,"z":198.0118865966797},"rotation":{"x":-0.1814957857131958,"y":0.6369567513465881,"z":-0.15798716247081757,"w":-0.7324333190917969},"size":21.989810943603517,"orthographic":false}