{"cameraMode":{"drawMode":0,"name":"Shaded","section":"Shading Mode"},"sceneLighting":true,"audioPlay":false,"sceneViewState":{"showFog":false,"showMaterialUpdate":false,"showSkybox":false,"showFlares":false,"showImageEffects":false,"showParticleSystems":false},"in2DMode":false,"pivot":{"x":318.3484191894531,"y":35.27229690551758,"z":261.42095947265627},"rotation":{"x":-0.09436579793691635,"y":-0.013661282137036324,"z":0.0012900956207886339,"w":-0.9956496953964233},"size":65.7790298461914,"orthographic":false}