{"cameraMode":{"drawMode":0,"name":"Shaded","section":"Shading Mode"},"sceneLighting":false,"audioPlay":false,"sceneViewState":{"showFog":false,"showMaterialUpdate":false,"showSkybox":false,"showFlares":false,"showImageEffects":false,"showParticleSystems":false},"in2DMode":false,"pivot":{"x":5.396079063415527,"y":1.3956555128097535,"z":-10.164525985717774},"rotation":{"x":-0.07643432915210724,"y":-0.011663869954645634,"z":0.0009643778903409839,"w":-0.9972463846206665},"size":14.246818542480469,"orthographic":false}