{"cameraMode":{"drawMode":0,"name":"Shaded","section":"Shading Mode"},"sceneLighting":false,"audioPlay":false,"sceneViewState":{"showFog":false,"showMaterialUpdate":false,"showSkybox":false,"showFlares":false,"showImageEffects":false,"showParticleSystems":false},"in2DMode":false,"pivot":{"x":-9.1529541015625,"y":0.047499969601631168,"z":10.088979721069336},"rotation":{"x":-0.24502365291118623,"y":-0.005405219737440348,"z":0.0014680668246001006,"w":-0.969717264175415},"size":10.426783561706543,"orthographic":false}