{"cameraMode":{"drawMode":0,"name":"Shaded","section":"Shading Mode"},"sceneLighting":false,"audioPlay":false,"sceneViewState":{"showFog":false,"showMaterialUpdate":false,"showSkybox":false,"showFlares":false,"showImageEffects":false,"showParticleSystems":false},"in2DMode":false,"pivot":{"x":140.39276123046876,"y":27.85090446472168,"z":352.3013916015625},"rotation":{"x":-0.0226974505931139,"y":0.33137229084968569,"z":0.007823106832802296,"w":0.9434372186660767},"size":14.841553688049317,"orthographic":false}