{"cameraMode":{"drawMode":0,"name":"Shaded","section":"Shading Mode"},"sceneLighting":false,"audioPlay":false,"sceneViewState":{"showFog":false,"showMaterialUpdate":false,"showSkybox":false,"showFlares":false,"showImageEffects":false,"showParticleSystems":false},"in2DMode":false,"pivot":{"x":140.1484832763672,"y":28.77972412109375,"z":347.1589660644531},"rotation":{"x":0.06412056088447571,"y":-0.10584026575088501,"z":0.006664955988526344,"w":0.9925216436386108},"size":14.841553688049317,"orthographic":false}