{"cameraMode":{"drawMode":0,"name":"Shaded","section":"Shading Mode"},"sceneLighting":false,"audioPlay":false,"sceneViewState":{"showFog":false,"showMaterialUpdate":false,"showSkybox":false,"showFlares":false,"showImageEffects":false,"showParticleSystems":false},"in2DMode":false,"pivot":{"x":307.3958740234375,"y":27.839080810546876,"z":252.40646362304688},"rotation":{"x":-0.0034976054448634388,"y":-0.9933818578720093,"z":0.11222974210977555,"w":-0.03224106505513191},"size":52.515716552734378,"orthographic":false}