{"cameraMode":{"drawMode":0,"name":"Shaded","section":"Shading Mode"},"sceneLighting":false,"audioPlay":false,"sceneViewState":{"showFog":true,"showMaterialUpdate":true,"showSkybox":false,"showFlares":true,"showImageEffects":true,"showParticleSystems":true},"in2DMode":false,"pivot":{"x":2.503553628921509,"y":-0.9724177122116089,"z":1.2673603296279908},"rotation":{"x":0.18979866802692414,"y":0.47551900148391726,"z":-0.10573592782020569,"w":0.8525028228759766},"size":5.689802646636963,"orthographic":false}