{"cameraMode":{"drawMode":0,"name":"Shaded","section":"Shading Mode"},"sceneLighting":false,"audioPlay":false,"sceneViewState":{"showFog":true,"showMaterialUpdate":true,"showSkybox":false,"showFlares":true,"showImageEffects":true,"showParticleSystems":true},"in2DMode":false,"pivot":{"x":-100.5523452758789,"y":353.3977966308594,"z":555.4296875},"rotation":{"x":0.01960107870399952,"y":0.7298645377159119,"z":0.020687831565737726,"w":-0.6831244826316834},"size":43.446041107177737,"orthographic":false}