{"cameraMode":{"drawMode":0,"name":"Shaded","section":"Shading Mode"},"sceneLighting":false,"audioPlay":false,"sceneViewState":{"showFog":false,"showMaterialUpdate":false,"showSkybox":false,"showFlares":false,"showImageEffects":false,"showParticleSystems":false},"in2DMode":false,"pivot":{"x":-2.2153453826904299,"y":0.28539520502090456,"z":-8.2968111038208},"rotation":{"x":-0.18171729147434236,"y":-0.0556182786822319,"z":0.01039218157529831,"w":-0.981935441493988},"size":1.9141401052474976,"orthographic":false}