{"cameraMode":{"drawMode":0,"name":"Shaded","section":"Shading Mode"},"sceneLighting":false,"audioPlay":false,"sceneViewState":{"showFog":false,"showMaterialUpdate":false,"showSkybox":false,"showFlares":false,"showImageEffects":false,"showParticleSystems":false},"in2DMode":false,"pivot":{"x":-14.102167129516602,"y":0.9478638172149658,"z":11.182483673095704},"rotation":{"x":-0.225981205701828,"y":-0.027353210374712945,"z":0.006441567558795214,"w":-0.973942220211029},"size":5.526293754577637,"orthographic":false}