{"cameraMode":{"drawMode":0,"name":"Shaded","section":"Shading Mode"},"sceneLighting":false,"audioPlay":false,"sceneViewState":{"showFog":false,"showMaterialUpdate":false,"showSkybox":false,"showFlares":false,"showImageEffects":false,"showParticleSystems":false},"in2DMode":false,"pivot":{"x":6.299685478210449,"y":5.259020805358887,"z":0.5918817520141602},"rotation":{"x":-0.15212689340114594,"y":-0.0618257075548172,"z":0.00963109266012907,"w":-0.9865912199020386},"size":13.454340934753418,"orthographic":false}