{"cameraMode":{"drawMode":0,"name":"Shaded","section":"Shading Mode"},"sceneLighting":false,"audioPlay":false,"sceneViewState":{"showFog":false,"showMaterialUpdate":false,"showSkybox":false,"showFlares":false,"showImageEffects":false,"showParticleSystems":false},"in2DMode":false,"pivot":{"x":-0.2496638298034668,"y":6.747739791870117,"z":0.08098864555358887},"rotation":{"x":-0.12467557191848755,"y":0.6642245650291443,"z":-0.11367600411176682,"w":-0.728518545627594},"size":29.28403091430664,"orthographic":false}