{"cameraMode":{"drawMode":0,"name":"Shaded","section":"Shading Mode"},"sceneLighting":false,"audioPlay":false,"sceneViewState":{"showFog":false,"showMaterialUpdate":false,"showSkybox":false,"showFlares":false,"showImageEffects":false,"showParticleSystems":false},"in2DMode":false,"pivot":{"x":313.44732666015627,"y":38.02766418457031,"z":248.1690216064453},"rotation":{"x":-0.005263982806354761,"y":-0.9861986637115479,"z":0.03257497027516365,"w":-0.16364094614982606},"size":50.15250778198242,"orthographic":false}