{"cameraMode":{"drawMode":0,"name":"Shaded","section":"Shading Mode"},"sceneLighting":false,"audioPlay":false,"sceneViewState":{"showFog":false,"showMaterialUpdate":false,"showSkybox":false,"showFlares":false,"showImageEffects":false,"showParticleSystems":false},"in2DMode":false,"pivot":{"x":165.80690002441407,"y":35.02908706665039,"z":320.6829833984375},"rotation":{"x":0.000095848721684888,"y":-0.9999825954437256,"z":0.0029993136413395406,"w":-0.019567828625440599},"size":82.22838592529297,"orthographic":false}