{"cameraMode":{"drawMode":0,"name":"Shaded","section":"Shading Mode"},"sceneLighting":false,"audioPlay":false,"sceneViewState":{"showFog":false,"showMaterialUpdate":false,"showSkybox":false,"showFlares":false,"showImageEffects":false,"showParticleSystems":false},"in2DMode":false,"pivot":{"x":9.959999084472657,"y":2.3500001430511476,"z":0.4099998474121094},"rotation":{"x":-0.03133617341518402,"y":-0.09853563457727432,"z":-0.0032731867395341398,"w":0.9948652386665344},"size":40.010372161865237,"orthographic":false}