{"cameraMode":{"drawMode":0,"name":"Shaded","section":"Shading Mode"},"sceneLighting":false,"audioPlay":false,"sceneViewState":{"showFog":false,"showMaterialUpdate":false,"showSkybox":false,"showFlares":false,"showImageEffects":false,"showParticleSystems":false},"in2DMode":false,"pivot":{"x":1.5462493896484376,"y":6.02529239654541,"z":2.002614974975586},"rotation":{"x":0.06220326945185661,"y":-0.33447223901748659,"z":0.021952329203486444,"w":0.9403380751609802},"size":40.010372161865237,"orthographic":false}