{"cameraMode":{"drawMode":0,"name":"Shaded","section":"Shading Mode"},"sceneLighting":false,"audioPlay":false,"sceneViewState":{"showFog":false,"showMaterialUpdate":false,"showSkybox":false,"showFlares":false,"showImageEffects":false,"showParticleSystems":false},"in2DMode":false,"pivot":{"x":127.11941528320313,"y":31.859529495239259,"z":365.4740295410156},"rotation":{"x":-0.06813221424818039,"y":-0.8774052262306213,"z":-0.1313687264919281,"w":0.4567508101463318},"size":25.538347244262697,"orthographic":false}