{"cameraMode":{"drawMode":0,"name":"Shaded","section":"Shading Mode"},"sceneLighting":false,"audioPlay":false,"sceneViewState":{"showFog":false,"showMaterialUpdate":false,"showSkybox":false,"showFlares":false,"showImageEffects":false,"showParticleSystems":false},"in2DMode":false,"pivot":{"x":23.11998748779297,"y":64.78762817382813,"z":20.760318756103517},"rotation":{"x":-0.00021657784236595035,"y":-0.989216685295105,"z":0.14798417687416078,"w":-0.0024233830627053978},"size":7.8873701095581059,"orthographic":false}