{"cameraMode":{"drawMode":0,"name":"Shaded","section":"Shading Mode"},"sceneLighting":false,"audioPlay":false,"sceneViewState":{"showFog":false,"showMaterialUpdate":false,"showSkybox":false,"showFlares":false,"showImageEffects":false,"showParticleSystems":false},"in2DMode":false,"pivot":{"x":137.17620849609376,"y":24.660690307617189,"z":373.0939025878906},"rotation":{"x":0.16059063374996186,"y":0.4038344621658325,"z":-0.07227575033903122,"w":0.8979239463806152},"size":8.654152870178223,"orthographic":false}