{"cameraMode":{"drawMode":0,"name":"Shaded","section":"Shading Mode"},"sceneLighting":false,"audioPlay":false,"sceneViewState":{"showFog":false,"showMaterialUpdate":false,"showSkybox":false,"showFlares":false,"showImageEffects":false,"showParticleSystems":false},"in2DMode":false,"pivot":{"x":137.03038024902345,"y":25.02236557006836,"z":374.0351867675781},"rotation":{"x":0.14058230817317964,"y":0.335529625415802,"z":-0.050748031586408618,"w":0.9302923083305359},"size":8.654152870178223,"orthographic":false}