{"cameraMode":{"drawMode":0,"name":"Shaded","section":"Shading Mode"},"sceneLighting":false,"audioPlay":false,"sceneViewState":{"showFog":true,"showMaterialUpdate":true,"showSkybox":false,"showFlares":true,"showImageEffects":true,"showParticleSystems":true},"in2DMode":false,"pivot":{"x":-6.705522537231445e-7,"y":-0.42591166496276858,"z":-8.330133438110352},"rotation":{"x":-0.0006871689693070948,"y":0.9941872954368591,"z":-0.10779409110546112,"w":-0.007453646510839462},"size":15.278554916381836,"orthographic":false}