{"cameraMode":{"drawMode":0,"name":"Shaded","section":"Shading Mode"},"sceneLighting":false,"audioPlay":false,"sceneViewState":{"showFog":false,"showMaterialUpdate":false,"showSkybox":false,"showFlares":false,"showImageEffects":false,"showParticleSystems":false},"in2DMode":false,"pivot":{"x":22.72848892211914,"y":64.33828735351563,"z":26.91387367248535},"rotation":{"x":0.07942929118871689,"y":-0.004328606650233269,"z":0.00018827135500032455,"w":0.9970508813858032},"size":11.740959167480469,"orthographic":false}