{"cameraMode":{"drawMode":0,"name":"Shaded","section":"Shading Mode"},"sceneLighting":false,"audioPlay":false,"sceneViewState":{"showFog":true,"showMaterialUpdate":true,"showSkybox":false,"showFlares":true,"showImageEffects":true,"showParticleSystems":true},"in2DMode":false,"pivot":{"x":-0.36905574798583987,"y":-1.4515941143035889,"z":0.3524196147918701},"rotation":{"x":-0.10882976651191712,"y":-0.5296454429626465,"z":0.06860948354005814,"w":-0.8384799957275391},"size":9.74973201751709,"orthographic":false}