{"cameraMode":{"drawMode":0,"name":"Shaded","section":"Shading Mode"},"sceneLighting":false,"audioPlay":false,"sceneViewState":{"showFog":false,"showMaterialUpdate":false,"showSkybox":false,"showFlares":false,"showImageEffects":false,"showParticleSystems":false},"in2DMode":false,"pivot":{"x":143.7751007080078,"y":28.757661819458009,"z":350.8057556152344},"rotation":{"x":-0.09344945847988129,"y":0.13823533058166505,"z":-0.013178552500903607,"w":-0.9860919117927551},"size":19.348604202270509,"orthographic":false}