{"cameraMode":{"drawMode":0,"name":"Shaded","section":"Shading Mode"},"sceneLighting":false,"audioPlay":false,"sceneViewState":{"showFog":false,"showMaterialUpdate":false,"showSkybox":false,"showFlares":false,"showImageEffects":false,"showParticleSystems":false},"in2DMode":false,"pivot":{"x":23.283714294433595,"y":64.42872619628906,"z":20.87090301513672},"rotation":{"x":-0.00021657784236595035,"y":-0.989216685295105,"z":0.14798417687416078,"w":-0.0024233830627053978},"size":5.711674690246582,"orthographic":false}