{"cameraMode":{"drawMode":0,"name":"Shaded","section":"Shading Mode"},"sceneLighting":false,"audioPlay":false,"sceneViewState":{"showFog":false,"showMaterialUpdate":false,"showSkybox":false,"showFlares":false,"showImageEffects":false,"showParticleSystems":false},"in2DMode":false,"pivot":{"x":22.83832359313965,"y":64.53189849853516,"z":20.837120056152345},"rotation":{"x":-0.00021657784236595035,"y":-0.989216685295105,"z":0.14798417687416078,"w":-0.0024233830627053978},"size":6.828123569488525,"orthographic":false}