{"cameraMode":{"drawMode":0,"name":"Shaded","section":"Shading Mode"},"sceneLighting":false,"audioPlay":false,"sceneViewState":{"m_AlwaysRefresh":false,"showFog":false,"showSkybox":false,"showFlares":false,"showImageEffects":false,"showParticleSystems":false,"showVisualEffectGraphs":true,"m_FxEnabled":true},"in2DMode":false,"pivot":{"x":21.714723587036134,"y":65.52974700927735,"z":21.344816207885743},"rotation":{"x":-0.028498807922005655,"y":-0.0031157315243035557,"z":0.000015684456229791977,"w":-0.9998285174369812},"size":2.1889965534210207,"orthographic":false}