{"cameraMode":{"drawMode":0,"name":"Shaded","section":"Shading Mode"},"sceneLighting":false,"audioPlay":false,"sceneViewState":{"m_AlwaysRefresh":false,"showFog":false,"showSkybox":false,"showFlares":false,"showImageEffects":false,"showParticleSystems":false,"showVisualEffectGraphs":true,"m_FxEnabled":true},"in2DMode":false,"pivot":{"x":498.15863037109377,"y":57.514320373535159,"z":233.35540771484376},"rotation":{"x":-0.18325765430927277,"y":-0.05023903399705887,"z":0.009350322186946869,"w":-0.9819850921630859},"size":6.6635823249816898,"orthographic":false}