{"cameraMode":{"drawMode":0,"name":"Shaded","section":"Shading Mode"},"sceneLighting":false,"audioPlay":false,"sceneViewState":{"m_AlwaysRefresh":false,"showFog":false,"showSkybox":false,"showFlares":false,"showImageEffects":false,"showParticleSystems":false,"showVisualEffectGraphs":true,"m_FxEnabled":true},"in2DMode":false,"pivot":{"x":-0.13987016677856446,"y":-0.029315710067749025,"z":0.1215982437133789},"rotation":{"x":-0.10400217771530152,"y":-0.34331753849983218,"z":0.03819829225540161,"w":-0.9329215884208679},"size":6.062177658081055,"orthographic":false}